get_directions_url,altTagText,url,longitude,latitude,type,id
https://maps.google.com/?cid=16274124022476545359,1897 Sandhill Blvd Aberdeen,nc/aberdeen.html,-79.41512,35.155545,main,1389704
https://maps.google.com/?cid=2356358109024551317,5296 Hwy 158 Advance,nc/advance.html,-80.439706,36.004439,main,1389609
https://maps.google.com/?cid=1401755004290823420,1203 N Academy Street&#39; Ahoskie,nc/ahoskie.html,-76.98736408,36.2987377,main,2492617
https://maps.google.com/?cid=16619592299154741219,818 Hwy 24-27 Albemarle,nc/albemarle.html,-80.167941,35.346191,main,1389569
https://maps.google.com/?cid=17599004307273850834,1209 Laura Village Dr. Apex,nc/apex.html,-78.83684188,35.74892097,main,2492531
https://maps.google.com/?cid=9844180510045178104,10207 South Main Street Archdale,nc/archdale.html,-79.94898766,35.90187192,main,1389763
https://maps.google.com/?cid=10462208555174475027,320 Airport Road Arden,nc/arden.html,-82.52812095,35.45077558,main,2492781
https://maps.google.com/?cid=722814285592566112,553 W Dixie Drive Asheboro,nc/asheboro.html,-79.822449,35.687341,main,1389606
https://maps.google.com/?cid=14692769807093535296,974 Patton Ave. Asheville,nc/asheville.html,-82.5896553,35.58648053,main,2492486
https://maps.google.com/?cid=1883895147104755003,916 West Fort Macon Road Atlantic Beach,nc/atlantic-beach.html,-76.75222543,34.70124422,main,2492723
https://maps.google.com/?cid=4956599370519260507,112 Hwy NC 102 West Ayden,nc/ayden.html,-77.43583962,35.47607423,main,2492616
https://maps.google.com/?cid=16559369183794427440,6450 W Wilkinson Blvd Belmont,nc/belmont.html,-81.0431812,35.2522785,main,1389589
https://maps.google.com/?cid=17421450805459417437,12355 NC Hwy 210 Benson,nc/benson.html,-78.56257528,35.51606132,main,2492718
https://maps.google.com/?cid=13220328616459893709,426 North Jackson Street Beulaville,nc/beulaville.html,-77.77172863,34.92755689,main,2492715
https://maps.google.com/?cid=1914107498009501064,515 East Main Street Biscoe,nc/biscoe.html,-79.770124,35.361035,main,1389612
https://maps.google.com/?cid=15673354624382142458,211 North Main Street Boiling Springs,nc/boiling-springs.html,-81.6673345,35.2549176,main,1673369
https://maps.google.com/?cid=11597812693595037555,1064 Blowing Rock Boone,nc/boone.html,-81.668966,36.204748,main,1389754
https://maps.google.com/?cid=8887269377359865280,196 Asheville Hwy Brevard,nc/brevard.html,-82.72288666,35.24545571,main,2492829
https://maps.google.com/?cid=871176857284138206,65 Veterans Blvd Bryson City,nc/bryson-city.html,-83.44663918,35.42529631,main,2492588
https://maps.google.com/?cid=11397529027359636710,831 NC Highway 53 East Burgaw,nc/burgaw.html,-77.91764081,34.56056227,main,2610476
https://maps.google.com/?cid=8685150531158114443,775 Huffman Mill Road Burlington,nc/burlington.html,-79.494643,36.071098,main,1389573
https://maps.google.com/?cid=10742334856560029138,1400 NC 24/87 Cameron,nc/cameron.html,-79.04013991,35.25732878,main,2492774
https://maps.google.com/?cid=8686444007303756500,1507 Smokey Park Hwy Candler,nc/candler.html,-82.684638,35.544701,main,2492589
https://maps.google.com/?cid=8603204375242768821,734 Champion Drive Canton,nc/canton.html,-82.85032455,35.5541435,main,2492748
https://maps.google.com/?cid=15763651567958786693,1045 Monroe St Carthage,nc/carthage.html,-79.3992823,35.3421373,main,2552452
https://maps.google.com/?cid=2584368751482949987,840 East Chatham Street Cary,nc/cary.html,-78.7602134,35.79096243,main,2492735
https://maps.google.com/maps?cid=16001010550026613984,1194 Cedar Point Blvd. Cedar Point,nc/cedar-point.html,-77.07182651,34.68713174,main,8212601
https://maps.google.com/?cid=10573855061641662771,9501 Stafford Road Charlotte,nc/charlotte.html,-80.667453,35.28409,main,1389555
https://maps.google.com/?cid=2928092158654159801,1020 East 1st Street Cherryville,nc/cherryville.html,-81.36578545,35.38530198,main,2492681
https://maps.google.com/maps?cid=3280766389499862455,725 N US Highway 29 China Grove,nc/china-grove.html,-80.57053059,35.57074363,main,5942180
https://maps.google.com/?cid=14990389709339721480,11900 US Hwy 70 West Clayton,nc/clayton.html,-78.47861677,35.65753162,main,2492542
https://maps.google.com/?cid=17190201254718330134,1423 Lewisville-Clem Clemmons,nc/clemmons.html,-80.38919,36.075088,main,1389728
https://maps.google.com/?cid=4237908513496649780,1404 Sunset Blvd. Clinton,nc/clinton.html,-78.35090607,34.99217778,main,2492568
https://maps.google.com/?cid=13116374183879922745,3451 US Highway 601 South Concord,nc/concord.html,-80.548965,35.370871,main,1389551
https://maps.google.com/maps?cid=1227156588101783563,130 Malcolm Blvd. Connelly Springs,nc/connelly-springs.html,-81.52729686,35.73649119,main,8891464
https://maps.google.com/?cid=938252523290923956,504 Conover Blvd Conover,nc/conover.html,-81.226102,35.696245,main,1389617
https://maps.google.com/?cid=7425333875985735755,20214 W Catawba Ave Cornelius,nc/cornelius.html,-80.879669,35.482148,main,1389697
https://maps.google.com/?cid=11290770789904600794,1567 NC Hwy 56 Creedmoor,nc/creedmoor.html,-78.7208591,36.1438989,main,2492533
https://maps.google.com/?cid=12977820977007354800,1017 Dallas Cherryville Hwy Dallas,nc/dallas.html,-81.192074,35.315017,main,1389764
https://maps.google.com/?cid=18326181975552141974,18073 Hwy 109 Denton,nc/denton.html,-80.108167,35.630529,main,1389707
https://maps.google.com/?cid=8249723646133066288,134 South NC 16 Business Denver,nc/denver.html,-80.998302,35.44553,main,1389733
https://maps.google.com/?cid=16674058177002561714,402 East Atkins Street Dobson,nc/dobson.html,-80.718383,36.395416,main,1389641
https://maps.google.com/?cid=3630826554953122152,901 East Cumberland St Dunn,nc/dunn.html,-78.60114,35.302124,main,2492532
https://maps.google.com/?cid=11016839643019665125,4831 North Carolina Hwy 55 Durham,nc/durham.html,-78.895839,35.8997888,main,2492492
https://maps.google.com/?cid=4480618191024492726,631 S Van Buren Road Eden,nc/eden.html,-79.74036343,36.49113896,main,2492682
https://maps.google.com/?cid=3508676872828374277,807 West Ehringhaus Rd. Elizabeth City,nc/elizabeth-city.html,-76.23176515,36.29504456,main,2492603
https://maps.google.com/?cid=12091432501952196449,3411 Cooperative Way Farmville,nc/farmville.html,-77.60396719,35.61677197,main,2492695
https://maps.google.com/?cid=16001657866028515614,914 Berkley Hall Way Fayetteville,nc/fayetteville.html,-78.971332,35.0967153,main,1389559
https://maps.google.com/?cid=9816981743195928366,700 Upward Road Flat Rock,nc/flat-rock.html,-82.4096193,35.2976169,main,2492833
https://maps.google.com/?cid=12574755034440532836,127 Sparks Crossing Forest City,nc/forest-city.html,-81.89899385,35.33933014,main,2492611
https://maps.google.com/?cid=15396576352720434956,917 Georgia Road Franklin,nc/franklin.html,-83.39222789,35.16246812,main,2492711
https://maps.google.com/?cid=3558491949325369812,1400 Main St. Fuquay Varina,nc/fuquay-varina.html,-78.77332985,35.59224252,main,2492518
https://maps.google.com/?cid=15423204377846432973,5497 Hwy 42 West Garner,nc/garner.html,-78.5673362,35.60461287,main,2492543
https://maps.google.com/?cid=14796115697680072590,507 N New Hope Rd Gastonia,nc/gastonia.html,-81.14979,35.271001,main,1389616
https://maps.google.com/?cid=4921865349342543905,1025 Spence Ave. Goldsboro,nc/goldsboro.html,-77.948112,35.387265,main,2492499
https://maps.google.com/?cid=1760573846804402260,804 S Main St Graham,nc/graham.html,-79.399631,36.057957,main,1389552
https://maps.google.com/?cid=12207386244100078798,4790 Hickory Blvd Granite Falls,nc/granite-falls.html,-81.39519,35.778548,main,1389627
https://maps.google.com/?cid=9343195614033377092,10765 NC 55 Hwy East Grantsboro,nc/grantsboro.html,-76.84446082,35.14069251,main,2492730
https://maps.google.com/?cid=14290808001245480863,514 Hickory Ridge Drive Greensboro,nc/greensboro.html,-79.9598406,36.0730727,main,1389613
https://maps.google.com/?cid=11389701358747269361,1632 Farmville Blvd Greenville,nc/greenville.html,-77.39319786,35.6085349,main,2492483
https://maps.google.com/?cid=580602696436758913,22913 US Hwy 17 Hampstead,nc/hampstead.html,-77.612004,34.453088,main,1063453
https://maps.google.com/?cid=14850839497281348454,4850 Hwy 49 Harrisburg,nc/harrisburg.html,-80.656664,35.321786,main,1389625
https://maps.google.com/?cid=3726872464284797554,"1001 E. Main St., Hwy 70 Havelock",nc/havelock.html,-76.89749748,34.86340445,main,2492496
https://maps.google.com/?cid=281465280199370094,1518 Dabney Dr. Henderson,nc/henderson.html,-78.43475997,36.3332678,main,2492502
https://maps.google.com/?cid=14067974872349082881,1901 Four Seasons Blvd. Hendersonville,nc/hendersonville.html,-82.445629,35.337371,main,2492500
https://maps.google.com/?cid=13247870534480294432,7571 NC Hwy 127 N Hickory,nc/hickory.html,-81.309507,35.841044,main,1389577
https://maps.google.com/?cid=7177784690632214358,2707 South Main High Point,nc/high-point.html,-79.984108,35.926111,main,1389677
https://maps.google.com/?cid=12971585509413215887,317 S Center Street Hildebran,nc/hildebran.html,-81.422394,35.70782,main,1389659
https://maps.google.com/?cid=9875727484331081988,330 S. Churton St. Hillsborough,nc/hillsborough.html,-79.10287008,36.0623451,main,2492569
https://maps.google.com/?cid=16356569181727375109,5750 Corporation Drive Hope Mills,nc/hope-mills.html,-78.9211132,34.9367408,main,1389602
https://maps.google.com/?cid=12190669236875873487,2800 Hickory Blvd. Hudson,nc/hudson.html,-81.48460463,35.85786934,main,2492597
https://maps.google.com/?cid=15237506581472142446,9145 Sam Furr Rd Huntersville,nc/huntersville.html,-80.87216,35.443058,main,1389558
https://maps.google.com/?cid=2045244865439227845,6550 Old Monroe Road Indian Trail,nc/indian-trail.html,-80.64797,35.048361,main,1389587
https://maps.google.com/?cid=16268034234840168625,2149 Lejeune Blvd Jacksonville,nc/jacksonville.html,-77.365087,34.741191,main,2492497
https://maps.google.com/?cid=2018518625257557307,931 US Hwy. 70 East James City,nc/james-city.html,-77.032426,35.083209,main,2492563
https://maps.google.com/?cid=7733551027810881737,158 Northview Drive Jefferson,nc/jefferson.html,-81.45967484,36.42020113,main,2492552
https://maps.google.com/?cid=107844074826860980,1652 NC Highway 67 Jonesville,nc/jonesville.html,-80.81941813,36.23878925,main,2492541
https://maps.google.com/?cid=12353106333924889066,1301 S Cannon Blvd Kannapolis,nc/kannapolis.html,-80.610987,35.477214,main,1389735
https://maps.google.com/?cid=11120007107852699187,915 Hwy 66 South Kernersville,nc/kernersville.html,-80.061581,36.107835,main,1389557
https://maps.google.com/?cid=7134553775934469995,710 South Main Street King,nc/king.html,-80.363436,36.262941,main,1389583
https://maps.google.com/?cid=2395043337918668726,218 Cleveland Ave Kings Mountain,nc/kings-mountain.html,-81.330761,35.244367,main,1389692
https://maps.google.com/?cid=7164599976372504755,400 W. Vernon Ave Kinston,nc/kinston.html,-77.58626193,35.26869953,main,2492481
https://maps.google.com/?cid=14302918245606290384,7525 Knightdale Blvd Knightdale,nc/knightdale.html,-78.47580139,35.79949292,main,2492510
https://maps.google.com/?cid=18163153517363824022,7858 US-70 La Grange,nc/la-grange.html,-77.75684506,35.28684299,main,2492673
https://maps.google.com/?cid=8915626471822830745,1226 South Main Laurinburg,nc/laurinburg.html,-79.46912,34.761062,main,1389738
https://maps.google.com/?cid=17753581136495594927,109 Village Road Leland,nc/leland.html,-77.996404,34.233062,main,1063451
https://maps.google.com/?cid=17467915163641646770,302 Blowing Rock Lenoir,nc/lenoir.html,-81.524092,35.917731,main,1389666
https://maps.google.com/?cid=16677085959348114422,1704 Cotton Grove Road Lexington,nc/lexington.html,-80.25916831,35.77766665,main,1941775
https://maps.google.com/?cid=9671887463262353374,1536 N. Main Street Lillington,nc/lillington.html,-78.80224943,35.41871721,main,2492581
https://maps.google.com/?cid=16922199034370745734,1601 East Main Street Lincolnton,nc/lincolnton.html,-81.2337671,35.478007,main,1389719
https://maps.google.com/?cid=5731305087074839975,1718 West Main Street Locust,nc/locust.html,-80.451759,35.254967,main,1389711
https://maps.google.com/?cid=12317897114330867936,12 Golden Leaf Drive Louisburg,nc/louisburg.html,-78.3068347,36.08466682,main,2492672
https://maps.google.com/?cid=3908518011221211301,2453 Roberts Ave Lumberton,nc/lumberton.html,-79.005797,34.639822,main,1063455
https://maps.google.com/maps?cid=11326036833852786529,5612 E. NC Highway 150 Maiden,nc/maiden.html,-81.0649131,35.5584715,main,2889030
https://maps.google.com/?cid=1997237087122514408,1525 N. Main Street Marion,nc/marion.html,-82.0267354,35.69942383,main,2492738
https://maps.google.com/?cid=2918911991322996096,434 Carl Eller Road Mars Hill,nc/mars-hill.html,-82.5429565,35.82216081,main,2566242
https://maps.google.com/?cid=6942398916413186071,6503 West Marshville Blvd Marshville,nc/marshville.html,-80.369261,34.986283,main,1389588
https://maps.google.com/?cid=15019481857063602025,11137 E Independence Blvd Matthews,nc/matthews.html,-80.697951,35.119836,main,1389750
https://maps.google.com/?cid=10949924639446144051,6820 NC 135 Mayodan,nc/mayodan.html,-79.93958686,36.41553309,main,2702247
https://maps.google.com/?cid=8040787012186935649,1056 Mebane Oak Drive Mebane,nc/mebane.html,-79.273605,36.073322,main,1389756
https://maps.google.com/?cid=8260727410363973284,3009 N. NC Hwy. 16 Millers Creek,nc/millers-creek.html,-81.23882174,36.18875846,main,2492571
https://maps.google.com/maps?cid=6367513312959545711,3575 Boylston Highway Mills River,nc/mills-river.html,-82.5695431,35.4016732,main,4042217
https://maps.google.com/?cid=6579385962141506307,9075 Lawyers Rd Mint Hill,nc/mint-hill.html,-80.690667,35.188534,main,1389561
https://maps.google.com/?cid=1409098977656790385,1468 Yadkinville Rd. Mocksville,nc/mocksville.html,-80.58527894,35.91993541,main,2492595
https://maps.google.com/?cid=13923869556674673121,555 E Roosevelt Blvd Monroe,nc/monroe.html,-80.52009702,34.97693117,main,1389605
https://maps.google.com/?cid=10715003757080565001,625 River Highway Mooresville,nc/mooresville.html,-80.874202,35.595259,main,1389592
https://maps.google.com/?cid=13108280983525507306,4229 Arendell St Morehead City,nc/morehead-city.html,-76.7727,34.7278917,main,2492843
https://maps.google.com/?cid=7158445454843544403,900 N Green St Morganton,nc/morganton.html,-81.714247,35.753116,main,1389563
https://maps.google.com/?cid=4341348753150384018,1000 Claren Circle Morrisville,nc/morrisville.html,-78.82368296,35.85572879,main,2492654
https://maps.google.com/?cid=16803992321949642805,688 S Andy Griffith Pkwy Mount Airy,nc/mount-airy.html,-80.616114,36.486006,main,1389585
https://maps.google.com/?cid=18384497030556651488,1563 Andrews Road Murphy,nc/murphy.html,-84.0097021,35.1094689,main,2492823
https://maps.google.com/?cid=10010483783451301337,101 West Nashville Dr. Nashville,nc/nashville.html,-77.97467747,35.97787917,main,2492555
https://maps.google.com/?cid=15422726895830871360,1238 S. Glenburnie Rd. New Bern,nc/new-bern.html,-77.08858,35.12231,main,2492572
https://maps.google.com/?cid=2813167115213404765,7085 Highway 70 East Newport,nc/newport.html,-76.87749527,34.79043351,main,2492578
https://maps.google.com/?cid=13325343977572043503,1704 2nd Street North Wilkesboro,nc/north-wilkesboro.html,-81.14329219,36.17833018,main,2492565
https://maps.google.com/?cid=1989135506107367495,411 N. Main Street Norwood,nc/norwood.html,-80.12478769,35.22712679,main,2492585
https://maps.google.com/maps?cid=2349392934593447122,8000 Linville Road Oak Ridge,nc/oak-ridge.html,-79.9869208,36.169636,main,3644799
https://maps.google.com/?cid=17947149285958633828,1019 Lewis Street Oxford,nc/oxford.html,-78.6063581,36.27990577,main,2492737
https://maps.google.com/?cid=1720795490580615181,901 West Third Street Pembroke,nc/pembroke.html,-79.20639731,34.68551576,main,2208028
https://maps.google.com/?cid=203634583360740069,40 Russett Run Pittsboro,nc/pittsboro.html,-79.16616753,35.75491794,main,2492757
https://maps.google.com/?cid=10780105144951295043,601 US Highway 64 East Plymouth,nc/plymouth.html,-76.75552547,35.85021337,main,2492605
https://maps.google.com/?cid=5133191994926616634,502 North Pearl Street Princeton,nc/princeton.html,-78.15056559,35.46566072,main,2492612
https://maps.google.com/?cid=7745731405086106127,116 Fayetteville Road Raeford,nc/raeford.html,-79.235771,34.980106,main,1389746
https://maps.google.com/?cid=1769691371631670948,4405 Falls of the Neuse Rd. Raleigh,nc/raleigh.html,-78.61227605,35.84122851,main,2492482
https://maps.google.com/maps?cid=12994601220007618489,6893 Jordan Rd. Ramseur,nc/ramseur.html,-79.6437596,35.7415792,main,6992678
https://maps.google.com/?cid=6515757112837052852,983 High Point Street Randleman,nc/randleman.html,-79.82317328,35.82193677,main,2492614
https://maps.google.com/?cid=14176904929503326157,1633 Freeway Drive Reidsville,nc/reidsville.html,-79.693458,36.349576,main,2492591
https://maps.google.com/?cid=4618089901359351954,418 W Church Street Richfield,nc/richfield.html,-80.268238,35.472207,main,1389638
https://maps.google.com/maps?cid=4422713703564155112,8510 Richlands Highway Richlands,nc/richlands.html,-77.55115867,34.90020872,main,6992679
https://maps.google.com/?cid=17371864923823396493,1626 East 10th Street Roanoke Rapids,nc/roanoke-rapids.html,-77.642016,36.440973,main,1389716
https://maps.google.com/?cid=4827928354665082128,800 North Main Street Robersonville,nc/robersonville.html,-77.252803,35.83397505,main,2492670
https://maps.google.com/?cid=8083255785033829663,1706 E Broad Street Rockingham,nc/rockingham.html,-79.7457631,34.9186309,main,1389713
https://maps.google.com/?cid=17157661468322092970,590 N Wesleyan Blvd Rocky Mount,nc/rocky-mount.html,-77.821551,35.961391,main,2492546
https://maps.google.com/?cid=125271694251396744,900 South Main Street Rolesville,nc/rolesville.html,-78.47826777,35.90966855,main,2492750
https://maps.google.com/?cid=12651585116729484142,505 Madison Blvd Roxboro,nc/roxboro.html,-78.9818877,36.40039159,main,2492529
https://maps.google.com/?cid=17032784245383383116,901 E Innes Street Salisbury,nc/salisbury.html,-80.462009,35.659456,main,1389562
https://maps.google.com/?cid=16506718232925634308,773 South Horner Blvd. Sanford,nc/sanford.html,-79.17278476,35.47164727,main,2492522
https://maps.google.com/?cid=10584397925351544103,275 US Hwy 70 E Selma,nc/selma.html,-78.29458851,35.52222313,main,2492480
https://maps.google.com/?cid=10477928447557166724,356 Whiteville Shallotte,nc/shallotte.html,-78.40225831,33.97429814,main,2492579
https://maps.google.com/?cid=10570961808654113995,803 West Dixon Blvd Shelby,nc/shelby.html,-81.556032,35.2826,main,1389570
https://maps.google.com/?cid=1703448249189965546,14629 Hwy 64 West Siler City,nc/siler-city.html,-79.43472035,35.73342217,main,2492566
https://maps.google.com/?cid=5245694217723143790,1035 Kingold Blvd. Snow Hill,nc/snow-hill.html,-77.66231194,35.44056532,main,2492587
https://maps.google.com/?cid=11870748818271606596,5160 Southport Supply Road Southport,nc/southport.html,-78.04261,33.951648,main,1063457
https://maps.google.com/?cid=12516130989630659885,310 N Salisbury Ave Spencer,nc/spencer.html,-80.425686,35.693279,main,1389662
https://maps.google.com/?cid=6709281846283506259,541 Hwy 27 South Stanley,nc/stanley.html,-81.088409,35.351664,main,1389607
https://maps.google.com/?cid=18444726930526815468,1612 East Broad Street Statesville,nc/statesville.html,-80.858376,35.79039,main,1389718
https://maps.google.com/?cid=9220097071498329222,11 Ocean Highway East Supply,nc/supply.html,-78.27221431,34.0181846,main,2492664
https://maps.google.com/?cid=14530079241898286212,64 Walmart Plaza Sylva,nc/sylva.html,-83.202253,35.362077,main,2492610
https://maps.google.com/?cid=9548424221757156423,101 Market Centre Dr. Tarboro,nc/tarboro.html,-77.549252,35.883945,main,2492586
https://maps.google.com/?cid=12270332897939259787,500 NC Hwy 16 S Taylorsville,nc/taylorsville.html,-81.178424,35.914722,main,1389618
https://maps.google.com/?cid=11830613221239114900,1030 Randolph Street Thomasville,nc/thomasville.html,-80.072747,35.865261,main,1389762
https://maps.google.com/?cid=15028307966521368158,1046 Charlotte Hwy Troutman,nc/troutman.html,-80.854056,35.669592,main,1389758
https://maps.google.com/?cid=14072643025966682804,422 Albemarle Rd. Troy,nc/troy.html,-79.90124166,35.35569244,main,2492560
https://maps.google.com/?cid=8684232025271907009,380 NC Hwy 43 Vanceboro,nc/vanceboro.html,-77.1603781,35.31211356,main,2492716
https://maps.google.com/?cid=1094627750492109528,1206 East Caswell Street Wadesboro,nc/wadesboro.html,-80.0558945,34.9633745,main,10799471
https://maps.google.com/?cid=15817059830743094234,12109 Cloverleaf Drive Wake Forest,nc/wake-forest.html,-78.54099114,35.97677807,main,2492583
https://maps.google.com/?cid=1939599559990056344,5195 Walkertown Common Circle Walkertown,nc/walkertown.html,-80.134846,36.163702,main,1389610
https://maps.google.com/?cid=18400028654051222530,110 Vines Landing Wallace,nc/wallace.html,-77.9490428,34.7579706,main,2492785
https://maps.google.com/?cid=3677278787384155150,5150 Hwy 89 East Walnut Cove,nc/walnut-cove.html,-80.14007628,36.31265696,main,2492702
https://maps.google.com/?cid=5144392492622291117,2714 N.C. 24 West Warsaw,nc/warsaw.html,-78.13943401,34.99400303,main,2492535
https://maps.google.com/?cid=5035460175239540863,1305 Carolina Ave. Washington,nc/washington.html,-77.05952916,35.55813129,main,2492520
https://maps.google.com/?cid=4246106137481211794,1325 North Broome Street Waxhaw,nc/waxhaw.html,-80.750158,34.934966,main,1389734
https://maps.google.com/?cid=4386147769742579135,1119 Delwood Road Waynesville,nc/waynesville.html,-82.98485935,35.52432864,main,2492680
https://maps.google.com/?cid=15882536116062540242,164 Weaver Road Weaverville,nc/weaverville.html,-82.56965,35.703475,main,2492525
https://maps.google.com/?cid=17805409367930822310,6385 Hwy 52 Welcome,nc/welcome.html,-80.253587,35.912306,main,1389591
https://maps.google.com/?cid=1598048414167525227,1406 N. JK Powell Blvd. Whiteville,nc/whiteville.html,-78.70881736,34.34703697,main,3352141
https://maps.google.com/?cid=11806847988539074725,6403 Burlington Road Whitsett,nc/whitsett.html,-79.607562,36.063404,main,1389590
https://maps.google.com/?cid=17912672037439075162,1856 US Highway 421 Wilkesboro,nc/wilkesboro.html,-81.20238105,36.15052749,main,1389705
https://maps.google.com/?cid=17521677285842654070,401 East Boulevard Williamston,nc/williamston.html,-77.05472052,35.84354958,main,2492602
https://maps.google.com/?cid=2293972496798359817,2409 Carolina Beach Road Wilmington,nc/wilmington.html,-77.9355679,34.1945773,main,1063454
https://maps.google.com/?cid=10884266155786205588,1840 Parkwood Blvd W Wilson,nc/wilson.html,-77.940119,35.72243,main,2492515
https://maps.google.com/?cid=11544501687614084713,100 Carson Alley Windsor,nc/windsor.html,-76.9543308,36.00860945,main,2492679
https://maps.google.com/?cid=17692297714964906762,623 Waughtown St Winston Salem,nc/winston-salem.html,-80.225484,36.070037,main,1389593
https://maps.google.com/?cid=14011801846922212804,624 South State Street Yadkinville,nc/yadkinville.html,-80.66041745,36.12399134,main,2492592
https://maps.google.com/?cid=13626971142544239730,1955 NC Highway 86 N Yanceyville,nc/yanceyville.html,-79.34866581,36.41608722,main,2492696
https://maps.google.com/?cid=17424126300593233180,1513 N. Arendell Avenue Zebulon,nc/zebulon.html,-78.32652765,35.83984455,main,2492756
,"4897 Country Club Road Winston-Salem, NC 27104",,-80.3445697,36.0843571,,
,"1203 N Academy Street' Ahoskie, NC 27910",,-76.987368,36.298721,,
,"2307 South Street Franklin, NC 23851",,-76.9389192,36.6622835,,
,"1581 East Williams Street Apex, NC 27539",,-78.8350473,35.7059919,,
,"2101 Westchester Drive High Point, NC 27262",,-80.0336255,35.9400457,,
,"241 Long Shoals Road Arden, NC 28704",,-82.545097,35.4797439,,
,"1338 Tunnel Road Asheville, NC 28805",,-82.469818,35.5844255,,
,"288 Smokey Park Hwy Asheville, NC 28806",,-82.6339315,35.5604238,,
,"654 Hendersonville Road Asheville, NC 28803",,-82.5343734,35.5484263,,
,"99 Merrimon Ave. Asheville, NC 28801",,-82.5529163,35.6026381,,
,"3701 Memorial Drive Greenville, NC 27834",,-77.4043258,35.5627767,,
,"2001 Arlington Blvd. Greenville, NC 27834",,-77.3557943,35.5670054,,
,"3638 S New Hope Road Gastonia, NC 28056",,-81.1026909,35.2229134,,
,"5501 Josh Birmingham Pkwy Charlotte, NC 28208",,-80.9438737,35.2205594,,
,"600 East Grover Street Shelby, NC 28150",,-81.5294363,35.3033506,,
,"1277 Highway 421 South Boone, NC 28607",,-81.6554323,36.2216215,,
,"5697 Asheville Hwy Hendersonville, NC 28791",,-82.5060044,35.395293,,
,"2403 Maple Avenue Burlington, NC 27215",,-79.4298841,36.0663216,,
,"3440 Ramsey Street Fayetteville, NC 28301",,-78.8782376,35.1065532,,
,"149 Market Street Sanford, NC 27332",,-79.2165429,35.4370163,,
,"3025 Winston Hill Drive Cary, NC 27513",,-78.8465139,35.7894815,,
,"1001 E. Main St. Havelock,NC",,-76.8974517,34.86334,,
,"10329 Mallard Creek Road Charlotte, NC 28262",,-80.769465,35.3414126,,
,"1101 W Sugar Creek Charlotte, NC 28213",,-80.793882,35.275585,,
,"11420 Beaver Farms Road Charlotte, NC 28215",,-80.631781,35.2240002,,
,"1402 W Trade St Charlotte, NC 28216",,-80.8583843,35.2363567,,
,"1407 East 3rd Street Charlotte, NC 28204",,-80.8299721,35.2134704,,
,"1604 Galleria Blvd Charlotte, NC 28270",,-80.7359281,35.1343581,,
,"231 E Woodlawn Charlotte, NC 28210",,-80.8806487,35.1785651,,
,"2501 N. Tryon St Charlotte, NC 28206",,-80.8180023,35.247639,,
,"2929 Freedom Drive Charlotte, NC 28208",,-80.8870329,35.2404121,,
,"300 West Blvd Charlotte, NC 28203",,-80.8621027,35.2144622,,
,"310 E. Trade St. Ste.A-150 Charlotte, NC,",,-80.8406333,35.2246882,,
,"3129 Monroe Road Charlotte, NC 28205",,-80.8024584,35.2045211,,
,"3301 Wilkinson Blvd Charlotte, NC 28208",,-80.8946526,35.2240762,,
,"3510 Mt Holly-Huntersville Road Charlotte, NC 28216",,-80.9467135,35.3235546,,
,"4131 Statesville Avenue Charlotte, NC 28269",,-80.836078,35.275498,,
,"4322 Sunset Road Charlotte, NC 28216",,-80.8549469,35.3055448,,
,"4435 Randolph Rd Charlotte, NC 28211",,-80.7986074,35.1768071,,
,"4435 The Plaza Charlotte, NC 28215",,-80.7799126,35.2502942,,
,"501 South College Street Charlotte, NC 28202",,-80.8456832,35.2223511,,
,"5321 Old Dowd Road Charlotte, NC 28208",,-80.92585,35.2289821,,
,"5825 Highland Shoppes Drive Charlotte, NC 28269",,-80.784234,35.37095,,
,"6120 E Independence Blvd Charlotte, NC 28212",,-80.7512561,35.1770182,,
,"6308 Providence Farm Lane Charlotte, NC 28277",,-80.7675876,35.055304,,
,"6915 Albemarle Road Charlotte, NC 28212",,-80.7254696,35.2031575,,
,"7047 South Boulevard Charlotte, NC 28217",,-80.876095,35.138604,,
,"7735 S Tryon Street Charlotte, NC 28217",,-80.9253316,35.1476405,,
,"8521 N Tryon St Charlotte, NC 28262",,-80.7511695,35.3045295,,
,"8720 Pineville-Matthews Charlotte, NC 28226",,-80.8676405,35.0890219,,
,"901 University City Blvd Charlotte, NC 28223",,-80.7336709,35.3085327,,
,"9417 Steele Creek Road Charlotte, NC 28273",,-80.9697088,35.1618979,,
,"975 Peeler Road Salisbury, NC 28147",,-80.5208151,35.6132236,,
,"3920 Jones Sausage Rd. Garner, NC 27529",,-78.5799768,35.7268131,,
,"1614 S Stratford Winston Salem, NC 27104",,-80.3046127,36.0700305,,
,"1115 Copperfield Blvd Concord, NC 28025",,-80.5859593,35.4618007,,
,"20 Raiford Drive Concord, NC 28027",,-80.6174496,35.3951704,,
,"374 George Liles Pkwy Concord, NC 28027",,-80.6664857,35.4140414,,
,"7701 Gateway Lane NW Concord, NC 28027",,-80.7076025,35.3653895,,
,"1160 Lenoir Rhyne Hickory, NC 28602",,-81.314433,35.717185,,
,"1816 12th Avenue Hickory, NC 28601",,-81.3027612,35.74244,,
,"335 Huntersville Gateway Blvd Huntersville, NC 28078",,-80.8563133,35.412521,,
,"1425 Brogden Woods Dr Wake Forest, NC 27587",,-78.6934272,35.989374,,
,"1657 Bessemer City Road Gastonia, NC 28052",,-81.2333602,35.278252,,
,"1712 S. Miami Blvd. Durham, NC 27703",,-78.8381316,35.9479242,,
,"176 Stratford Lake Drive Durham, NC 27713",,-78.9073194,35.9424794,,
,"2801 Guess Rd. Durham, NC 27705",,-78.928395,36.030457,,
,"3558 Hillsborough Rd. Durham, NC 27705",,-78.9521141,36.0222568,,
,"4521 Roxboro Rd. North Durham, NC 27704",,-78.9035648,36.0581752,,
,"4600 Garrett Rd Durham, NC 27707",,-78.973513,35.9545277,,
,"5425 S. Miami Blvd. Durham, NC 27703",,-78.8500575,35.8787938,,
,"3927 Victory Blvd Portsmouth, NC 23701",,-76.3585263,36.8094501,,
,"3541 Holland Road Virginia Beach, NC 23452",,-76.0949581,36.8107601,,
,"1901 Owen Drive Fayetteville, NC 28304",,-78.9274762,35.0282106,,
,"1945 Cedar Creek Road Fayetteville, NC 28312",,-78.824859,35.0086778,,
,"4554 Raeford Road Fayetteville, NC 28304",,-78.9558919,35.0436718,,
,"7661 Raeford Road Fayetteville, NC 28304",,-79.0510735,35.0301569,,
,"1792 Hwy 14 East Landrum, NC 29356",,-82.1613561,35.1804737,,
,"9919 Fayetteville Street Raleigh, NC 27603",,-78.7141617,35.6341569,,
,"400 E Garrison Blvd Gastonia, NC 28052",,-81.1759126,35.2538194,,
,"233 NC 111 South Goldsboro, NC 27534",,-77.9183972,35.3423865,,
,"2447 US Hwy. 117 South Goldsboro, NC 27530",,-78.0319797,35.3390172,,
,"811 W. Grantham St Goldsboro, NC 27530",,-78.0046211,35.398719,,
,"2939 N Center St Hickory, NC 28601",,-81.3302076,35.771832,,
,"1115 E. Bessemer Ave. Greensboro, NC 27405",,-79.7711341,36.0856042,,
,"1501 Spring Garden Street Greensboro, NC 27412",,-79.8129903,36.064293,,
,"2011 East Cone Blvd Greensboro, NC 27405",,-79.7518604,36.1131896,,
,"2315 S Elm-Eugene Greensboro, NC 27406",,-79.7911961,36.0445082,,
,"2903 Battleground Ave Greensboro, NC 27408",,-79.83276,36.1123326,,
,"304 Pisgah Church Rd Greensboro, NC 27455",,-79.7939094,36.132831,,
,"3707 Elmsley Square Greensboro, NC 27406",,-79.792418,36.0030838,,
,"3737 W. Gate City Boulevard Greensboro, NC 27407",,-79.8535238,36.0384308,,
,"4409 Landover Road Greensboro, NC 27407",,-79.8949116,36.0548034,,
,"321 Greenville Blvd. S.E. Greenville, NC,",,-77.3760242,35.5821053,,
,"3210 East 10th Street Greenville, NC 27834",,-77.3305355,35.5984256,,
,"3775 Martin Luther King Jr Hwy Greenville, NC 27834",,-77.3286371,35.6274308,,
,"7155 Market Street Wilmington, NC 28411",,-77.8199773,34.2720868,,
,"1425 E. Andrew Ave. Henderson, NC 27536",,-78.3810143,36.3183602,,
,"2320 Brookford Blvd Hickory, NC 28602",,-81.3544003,35.6924158,,
,"2630 N Main Street High Point, NC 27262",,-80.0292995,35.9927456,,
,"590 Greensboro Road High Point, NC 27260",,-79.9718956,35.9836666,,
,"3008 N Main Street Hope Mills, NC 28348",,-78.9650872,34.98477,,
,"10321 Cane Creek Drive Huntersville, NC 28078",,-80.8313345,35.3709932,,
,"13812 Hwy 74 East Indian Trail, NC 28079",,-80.6594,35.081976,,
,"1693 Halltown Road Jacksonville, NC 28546",,-77.3560634,34.7718032,,
,"620 N Marine Blvd. Jacksonville, NC 28540",,-77.4158234,34.7597425,,
,"6973 Western Blvd. Ext. Jacksonville, NC 28540",,-77.4370515,34.7991825,,
,"3770 Martin Luther King Jr New Bern, NC 28562",,-77.1086222,35.0961604,,
,"1375 Glenn Center Drive Kernersville, NC 27284",,-80.1117856,36.0715597,,
,"5918 University Pkwy Winston Salem, NC 27105",,-80.2758425,36.1857711,,
,"3652 Reynolda Road Winston Salem, NC 27106",,-80.3177723,36.1570742,,
,"1028 W. New Bern Rd. Kinston, NC 28501",,-77.601005,35.2528649,,
,"3007 N. Heritage St. Kinston, NC 28501",,-77.5819341,35.2934622,,
,"4621 New Bern Avenue Raleigh, NC 27610",,-78.5579288,35.7986643,,
,"5409 Capital Blvd. Raleigh, NC 27616",,-78.58243,35.8598614,,
,"1114 Cottingham Blvd. N. Bennettsville, NC 29512",,-79.7000856,34.6353948,,
,"4505 Market St Wilmington, NC 28405",,-77.8887551,34.2435422,,
,"94 Highway 64 West Lexington, NC 27292",,-80.2770927,35.8340307,,
,"5117 Fayetteville Road Lumberton, NC 28360",,-79.0090757,34.672891,,
,"2569 Sugar Hill Road Marion, NC 28752",,-82.031306,35.652034,,
,"2303 West Roosevelt Blvd Monroe, NC 28110",,-80.5633101,35.0089266,,
,"275 Plaza Drive Mooresville, NC 28115",,-80.8264036,35.5895614,,
,"1200 Burkemont Avenue Morganton, NC 28655",,-81.6950695,35.7181254,,
,"965 East Stuart Drive Galax, NC 24333",,-80.8951128,36.6801508,,
,"4505 Hwy 411 Madisonville, NC 37354",,-84.3587644,35.5163992,,
,"908 English Road Rocky Mount, NC 27804",,-77.8409496,35.9768296,,
,"1013 New Bern Ave. Raleigh, NC 27601",,-78.6228282,35.7802439,,
,"10610 Durant Rd. Raleigh, NC 27614",,-78.5912547,35.9058616,,
,"2620 Atlantic Avenue Raleigh, NC 27604",,-78.6149085,35.8183362,,
,"3301 S. Wilmington St. Raleigh, NC 27603",,-78.6498248,35.7352088,,
,"3808 Western Blvd. Raleigh, NC 27606",,-78.688753,35.7851516,,
,"8680 Glenwood Avenue Raleigh, NC 27617",,-78.7431484,35.8867874,,
,"2006 Barnes Street Reidsville, NC 27320",,-79.6462413,36.3285033,,
,"931 West Atlantic Street Emporia, NC 23847",,-77.554294,36.7039424,,
,"1105 E. Atlantic Street South Hill, NC 23970",,-78.1074554,36.7095687,,
,"881 Chesterfield Hwy. Cheraw, NC 29520",,-79.9239268,34.6965867,,
,"1834 E. Raleigh Blvd. Rocky Mount, NC 27801",,-77.7640948,35.9463913,,
,"2190 Philpott Rd. South Boston, NC 24592",,-78.9275186,36.6750162,,
,"1939 W Jake Alexander Blvd Salisbury, NC 28147",,-80.5126522,35.6920054,,
,"1594 Hwy 17 North North Myrtle Beach, NC 29582",,-78.6586918,33.8430652,,
,"1801-1 E Dixon Blvd Shelby, NC 28150",,-81.4966276,35.2728517,,
,"5513 Carolina Beach Rd Wilmington, NC 28412",,-77.8933761,34.1385236,,
,"160 Turnersburg Hwy Statesville, NC 28625",,-80.8751588,35.8111127,,
,"1850 S Main St Waynesville, NC 28786",,-83.00481,35.468902,,
,"1202 West Blvd Chesterfield, NC 29709",,-80.1075899,34.7367319,,
,"8327 Collins Road Indian Land, NC 29707",,-80.85046,34.954197,,
,"9785 Charlotte Hwy Fort Mill, NC 29707",,-80.8558116,35.0040838,,
,"3411 Olivers Crossing Drive Winston Salem, NC 27127",,-80.2617225,36.0036556,,
,"4207 Main Street Loris, NC 29569",,-78.8881092,34.0557456,,
,"520 S College Rd Wilmington, NC 28403",,-77.8788652,34.2289301,,
,"3734 Nash Street North Wilson, NC 27896",,-77.9397086,35.7704734,,
,"5033 Raleigh Rd Pkwy W Wilson, NC 27893",,-78.0087242,35.7632422,,
,"1250 Peters Creek Parkway Winston-Salem, NC 27103",,-80.2592696,36.0758831,,
,"1475 New Walkertown Road Winston Salem, NC 27101",,-80.2271863,36.102511,,
,"585 Northwest Blvd Winston Salem, NC 27104",,-80.2520394,36.1084362,,
,"106 Sandy Ct Danville, NC 24541",,-79.4289368,36.5915568,,
